Style_Number,Product_Name,Image_File_Name,Google_Image_ID
DROP0001,Anvil Aquabloc Glove - Black,Anvil_Aquabloc_Glove_Black.jpg,18cteUTtVEaOb-zfBZ7Sl9Ait_WAI8RFV
DROP0002,Anvil Aquabloc Glove - Gun Metal-Black-Red,Anvil_Aquabloc_Glove_Gun_Metal_Black_Red.jpg,1XyGdECWJB1LhSUJ3wTBrhxVfKGM3Q3no
DROP0003,Anvil Aquabloc Glove - Olive-Black,Anvil_Aquabloc_Glove_Olive_Black.jpg,10dNW99Pwk1lSw_GG0-BhC-zZ3CtFP9au
DROP0004,Cascade Gore-Tex Glove - Black,Cascade_Gore-Tex_Glove_Black.jpg,1gjFoWwls1eKF5FPsggvMkT-R1lNiRrCY
DROP0005,Cascade Gore-Tex Glove - Gun Metal-Black-Red,Cascade_Gore-Tex_Glove_Gun_Metal_Black_Red.jpg,11DJkc6uKCn7gk_reV9xajrK1qgO1FfvF
DROP0006,Cascade Gore-Tex Glove - Olive-Tan,Cascade_Gore-Tex_Glove_Olive_Tan.jpg,14tsvmaMFL9_B8V7hzs-odiJ3zRK1P1B9
DROP0007,Dyad Interchangeable Lens Goggle (Includes Two Lenses) - Black,Dyad_Interchangeable_Black.jpg,1TD5Al6sodp0cX6V3701Wz77m4X2AEfwl
DROP0008,Dyad Interchangeable Lens Goggle (Includes Two Lenses) - Olive,Dyad_Interchangeable_Olive.jpg,1u-rEKIWMGzQzV1MPCuNkACtm7wnghkwD
DROP0009,Dyad Interchangeable Lens Goggle (Includes Two Lenses) - Red,Dyad_Interchangeable_Red.jpg,1eHS07O5dNU1NZ1meKcBDRHBAFd-Jcg1u
DROP0010,Dyad Interchangeable Lens Goggle (Includes Two Lenses) - White,Dyad_Interchangeable_White.jpg,1SOlRdHfLaTNOQJXYKqAUnCuW75lotHZn
DROP0011,Flow MTB Glove - Black,Flow_MTB_Glove_Black.jpg,1TWqQZQ_WLIs5Bwv-tpnFB5Kg52u5iSAO
DROP0012,Flow MTB Glove - Grey,Flow_MTB_Glove_Grey.jpg,1MQDk80BSaFm18YrHQzcMFfbtv4J53Yfb
DROP0013,Flow MTB Glove - Hi Viz,Flow_MTB_Glove_Hi-Viz.jpg,132xV6ICOa8xtqhp63_v6kipAexde2zxb
DROP0014,Grid Waffle Beanie - Black,Grid_Waffle_Beanie_Black.jpg,1iRaINMZsDCV3q-ELSADq4RqRTJj2U31f
DROP0015,Grid Waffle Beanie - Grey,Grid_Waffle_Beanie_Grey.jpg,1SYXoLPWMf8wC4hRkKAPS8tFOinazayjV
DROP0016,Grid Waffle Beanie - Olive,Grid_Waffle_Beanie_Olive.jpg,1ofmuTxfSK-CjOuY9Qo21LrBbRqe_j0By
DROP0017,Hero MTB Glove - Black,Hero_MTB_Glove_Black.jpg,1cBDWutYCQPt7hmNAXnuIicvs0E2vrmTB
DROP0018,Hero MTB Glove - Red-Black,Hero_MTB_Glove_Red-Black.jpg,1_MY-I_NpZlifPF5N7zCrsqo3QSfX3MNR
DROP0019,Low Pro Beanie - Black,Low_Pro_Beanie_Black.jpg,1jRkm-ffNoU5w5JoQaOFREJedySHYp7Qd
DROP0020,Low Pro Beanie - Grey,Low_Pro_Beanie_Grey.jpg,19v3VEvPy8gEm1NRL4BT88ZcKLis8NZYt
DROP0021,Low Pro Beanie - Red,Low_Pro_Beanie_Red.jpg,1zBcEKTVRRkcnLCfu0l63U3Ko1wV4pMgc
DROP0022,Ridge Beanie - Black,Ridge_Beanie_Black.jpg,16MTfibMuY8Sc4Uqe89S4DG9kWLn-9IYU
DROP0023,Ridge Beanie - Charcoal,Ridge_Beanie_Charcoal.jpg,1bwFI09G3WJLUEl1pODtd_2JJdggo7AO1
DROP0024,Ridge Beanie - Olive,Ridge_Beanie_Olive.jpg,1NuRtL8L84LG7usFvP5UexJwIT_HVXL_O
DROP0025,Ridge Cuff Beanie - Black,Ridge_Cuff_Beanie_Black.jpg,1XDyg1V4Ch4qk6cJkf96rDEFMnp3qwAyQ
DROP0026,Ridge Cuff Beanie - Charcoal,Ridge_Cuff_Beanie_Charcoal.jpg,1E-NZSkBISLG-mceFdE2keZMaUQWHd86e
DROP0027,Ridge Cuff Beanie - Olive,Ridge_Cuff_Beanie_Olive.jpg,1pKvuavV9VZItahNI7ZNdCBoewCxinkGQ
DROP0028,Roach Gore-Tex Mitt - Black,Roach_Gore-Tex_Mitt_Black_Red.jpg,1mO3ARLPwCJiWRKqAOp4nyuVb0jIrbeKc
DROP0029,Roach Gore-Tex Mitt - Black-Red,Roach_Gore-Tex_Mitt_Black.jpg,1zAnjJilpE_vemLYEgzkX-wMWVuF8jceu
DROP0030,Roach Gore-Tex Mitt - Olive-Black,Roach_Gore-Tex_Mitt_Olive-Black.jpg,1H3R5Go5EWV9oLWJAf8Cr-G-mGHxlUfd1
DROP0031,Sierra Aquabloc Glove - Black,Sierra_Aquabloc_Glove_Black.jpg,1tfSvbvBcyXEdDNmiivX129A_YFGSqgbp
DROP0032,Sierra Aquabloc Glove - Red-Black,Sierra_Aquabloc_Glove_Red_Black.jpg,1RMVhusBLnEMtwWw04AsILAG-JK3hv36S
DROP0033,Sierra Aquabloc Glove - White-Black,Sierra_Aquabloc_Glove_White_Black.jpg,1cBoNDniFsmIcqCPGPomluKHwb3GQvpbM
DROP0034,Tabletop MTB Glove - Black,Tabletop_MTB_Glove_Black.jpg,1_r_fsy0O4dvLM0ti9vVdwaWXBE_9MoP3
DROP0035,Tahoma Gore-Tex Mitt - Black,Tahoma_Gore-Tex_Mitt_Black.jpg,1TfYxQkFCf9FhmAyyVJe49kvfYO4VRr1N
DROP0036,Tahoma Gore-Tex Mitt - Gun Metal-Black-Red,Tahoma_Gore-Tex_Mitt_Gun_Metal_Black_Red.jpg,11oaeI7vxGZvqUfrKKeyZAZop2oE5X1j8
DROP0037,Tahoma Gore-Tex Mitt - Olive-Tan,Tahoma_Gore-Tex_Mitt_Olive_Tan.jpg,1es-hHns6DITpdIEZmUCprdFk7N9Xur97
DROP0038,The Daily Beanie - Black,The_Daily_Beanie_Black.jpg,1gWXZP2xlHbKRE3HIWa5GFO_NPmANej-p
DROP0039,The Daily Beanie - Charcoal,The_Daily_Beanie_Charcoal.jpg,1OP-teaGo-6HC4lqfVjGND1zaAni725ac
DROP0040,The Daily Beanie - Olive,The_Daily_Beanie_Olive.jpg,1fhE7qRMZCOysvRmRkLs8G1Gd2Qbn62U8
DROP0041,Traffic Interchangeable Lens Goggle (Includes Two Lenses) - Large - Black,Traffic_Interchangeable_Large_Black.jpg,1w9AaDZzAO2CxHCF2SjlWY5WKSmhWktTM
DROP0042,Traffic Interchangeable Lens Goggle (Includes Two Lenses) - Large - Blue,Traffic_Interchangeable_Large_Blue.jpg,131PEbkY5_qLXMNZrb0o9ckvwosvV-CaG
DROP0043,Traffic Interchangeable Lens Goggle (Includes Two Lenses) - Large - Red,Traffic_Interchangeable_Large_Red.jpg,1ys9WRM5RSdOCEP7W3mO-WCOM_ZIX_IRH
DROP0044,Traffic Interchangeable Lens Goggle (Includes Two Lenses) Medium - Black,Traffic_Interchangeable_Medium_Black.jpg,1lWndXsXrzTkDec-ydtAiobbG54KUd29U
DROP0045,Traffic Interchangeable Lens Goggle (Includes Two Lenses) Medium - Blue,Traffic_Interchangeable_Medium_Blue.jpg,1l__QgKq-FSksfkthRhSFuM_qL_C8usuS
DROP0046,Traffic Interchangeable Lens Goggle (Includes Two Lenses) Medium - Red,Traffic_Interchangeable_Medium_Red.jpg,1Yeis3unddMCogSHkNnJUJSAe-fGXbtxC
DROP0047,Traffic Replacement Lens - Large Frame - Low Light,Traffic_Replacement_Lens_Large_Blue_Low.jpg,1Ou8OUwJVFAd7T71O3SXRkKNV47TReUuc
DROP0048,Traffic Replacement Lens - Large Frame - Bright Light,Traffic_Replacement_Lens_Large_Red_Bright.jpg,1NRdkdC5WEDJt2rUDlozDXI4F4BzH8XUN
DROP0049,Traffic Replacement Lens - Medium Frame - Low Light,Traffic_Replacement_Lens_Medium_Blue_Low.jpg,1uNB2QGYVgT9w_zCw5gnqnJDKP15_JLFI
DROP0050,Traffic Replacement Lens - Medium Frame - Bright Light,Traffic_Replacement_Lens_Medium_Red_Bright.jpg,1flLwTJhUtA2j01j-2KK_yuASLgd11LN8
DROP0051,Web II Gore-Tex Glove - Black,Web_II_Gore-Tex_Glove_Black.jpg,1f_fZngD1TNOtsP3FBJVTXBAp0ilobAsx
DROP0052,Web II Gore-Tex Glove - Tan-Gun Metal,Web_II_Gore-Tex_Glove_Tan_Gun_Metal.jpg,1JuK38kj9Xc1xJfwyZxcJWappCl06mf3h
MG0001,MadGrip Pro Palm - Black,MadGrip_Pro_Palm_Black.jpg,15ErteQsdQriXL8Jc2cbGVMRrjN_VfYbt
MG0002,MadGrip Pro Palm - Grey,MadGrip_Pro_Palm_Grey.jpg,1cqAA4yOrXrRsesgcx1OkqUrx28kU95KG
MG0003,MadGrip Pro Palm Impact - Black,MadGrip_Pro_Palm_Impact_Black.jpg,1GkGeLUMyMF3nYpgO0fHKPVCdP-rsjxW8
MG0004,MadGrip Pro Palm Impact - Grey-Black,MadGrip_Pro_Palm_Impact_Grey-Black.jpg,1-OcbvYgnu69OuEeMlzW9sDW36sqT29FA
MG0005,MadGrip Pro Palm Women's - Teal-Grey,MadGrip_Womens_Pro_Palm_Teal-Grey.jpg,1aPSd0md5gs4KomA_vleb4dTBBgvTwLdG
MG0006,MadGrip Pro Palm Women's - Grey,MadGrip_Womens_Pro_Palm_Grey.jpg,1gshL9_5qEIMuxJ2p1Zjsmf-TNqs9ZFvR
MG0007,MadGrip Silicone Heat Glove - Black,MadGrip_Silicone_Heat_Glove_Black.jpg,1iK-XAzvwGTqJrCwb9JFX2NDcpE4nI5-4
15574,Barrier Fleece Glove Mens Black,Barrier_Fleece_Glove_MW_Black.png,1LNDItbfT-H3Sb2sc_UTf9MAxY3MPcVCw
25574,Barrier Fleece Glove Womens Black,Barrier_Fleece_Glove_MW_Black.png,1LNDItbfT-H3Sb2sc_UTf9MAxY3MPcVCw
15304,Conductor Glove Mens Black,Conductor_Glove_MW_Black.png,1IXJLk3qzqrh57qszp-zdA-sqPAu2zrvw
25304,Conductor Glove Womens Black,Conductor_Glove_MW_Black.png,1IXJLk3qzqrh57qszp-zdA-sqPAu2zrvw
13392,Empire Glove Mens Army-Tan,Empire_Glove_Army-Tan.jpg,1oxVLfeFXvrzjb06k40vs0IUwXjF2MbZW
13392,Empire Glove Mens Black,Empire_Glove_Black.jpg,1qNr7UJicT3ckvO_gZvkHwmbm5FZrKdMZ
23392,Empire Glove Womens Army-Tan,Empire_Glove_Army-Tan.jpg,1oxVLfeFXvrzjb06k40vs0IUwXjF2MbZW
23392,Empire Glove Womens Black,Empire_Glove_Black.jpg,1qNr7UJicT3ckvO_gZvkHwmbm5FZrKdMZ
13393,Empire Mitt Mens Army-Tan,Empire_Mitt_Army-Tan.jpg,1oxVLfeFXvrzjb06k40vs0IUwXjF2MbZW
13393,Empire Mitt Mens Black,Empire_Mitt_Black.jpg,1QPNykqAQ0WsnyspYRfi6_LE-S66rivS_
23393,Empire Mitt Womens Army-Tan,Empire_Mitt_Army-Tan.jpg,1oxVLfeFXvrzjb06k40vs0IUwXjF2MbZW
23393,Empire Mitt Womens Black,Empire_Mitt_Black.jpg,1QPNykqAQ0WsnyspYRfi6_LE-S66rivS_
13395,Freeride Glove Mens Army-Tan,Freeride_Glove_Army-Tan.jpg,1jOEogieQvD_rmCopn_bhMPKvtK4v27G6
13395,Freeride Glove Mens Black,Freeride_Glove_Black.jpg,1VbHHuysjbS5yuMs6PQ-U0ynKxjmuoWqM
13395,Freeride Glove Mens White,Freeride_Glove_White.jpg,1igl-5lbW-coDphdM71SUlxMck8XyTdjg
13395,Freeride Mitt Mens Army-Tan,Freeride_Mitt_Army-Tan.jpg,1_kb1pLGLmGtIpDA4k1DDl2rpjhz1F8zM
13395,Freeride Mitt Mens Black,Freeride_Mitt_Black.jpg,1qDHpkLY_yUNXM8ZHuraAs3olnIkDlH71
13395,Freeride Mitt Mens White,Freeride_Mitt_White.jpg,1LsfKmBXdC-cEKAMBdGw78NgwZUIHdvff
23394,Freeride Glove Womens Army-Tan,Freeride_Glove_Army-Tan.jpg,1jOEogieQvD_rmCopn_bhMPKvtK4v27G6
23394,Freeride Glove Womens Black,Freeride_Glove_Black.jpg,1VbHHuysjbS5yuMs6PQ-U0ynKxjmuoWqM
23394,Freeride Glove Womens White,Freeride_Glove_White.jpg,1igl-5lbW-coDphdM71SUlxMck8XyTdjg
23394,Freeride Mitt Womens Army-Tan,Freeride_Mitt_Army-Tan.jpg,1_kb1pLGLmGtIpDA4k1DDl2rpjhz1F8zM
23394,Freeride Mitt Womens Black,Freeride_Mitt_Black.jpg,1qDHpkLY_yUNXM8ZHuraAs3olnIkDlH71
23394,Freeride Mitt Womens White,Freeride_Mitt_White.jpg,1LsfKmBXdC-cEKAMBdGw78NgwZUIHdvff
93616,Juniors Gore-Tex Glove Black,Juniors_Gore-Tex_Glove_Black.jpg,19es7YP4__pyIL4SsPJa9TMbw_rUEQRxB
93616,Juniors Gore-Tex Glove Gunmetal-Black,Juniors_Gore-Tex_Glove_Gunmetal-Black.jpg,1uKIGs3ZnV_TXvaFsYIMb2dPPX2Pn0Zeo
93617,Juniors Gore-Tex Mitt Black,Juniors_Gore-Tex_Mitt_Black.jpg,1Bcp33RbC6b9_uYUIVV0rfNVWedpfrPtw
93617,Juniors Gore-Tex Mitt Gunmetal-Black,Juniors_Gore-Tex_Mitt_Gunmetal-Black.jpg,1P_kBh40EakWg-o74zB7OM40Ce-ANF6N3
17792,Kanga Liner Mens,Kanga_Liner_Glove_MW_Black.jpg,1jtswqESkJj90ESYRpd8rhlyhlCxEwhXX
27792,Kanga Liner Womens,Kanga_Liner_Glove_MW_Black.jpg,1jtswqESkJj90ESYRpd8rhlyhlCxEwhXX
97792,Kanga Liner Jr,Kanga_Liner_Glove_MW_Black.jpg,1jtswqESkJj90ESYRpd8rhlyhlCxEwhXX
63609,Kids Bambi Mitt All,Kids_Bambi_Mitt_All.png,1fBZeXz1ZdXrn3CBwSiPYeJpweR9Sind9
63609,Kids Bambi Mitt Modern Abstract,Kids_Bambi_Mitt_Modern_Abstract.jpg,12dom8e-L4ha8IlXGmFiWvSjMvZ4cIRh7
68262,Kids Gondola Glove All,Kids_Gondola_Glove_All.png,1-Fxe_9X75LWHerc7fryIip5i1yB0osgA
68262,Kids Gondola Glove Fir Trees,Kids_Gondola_Glove_Fir_Trees.jpg,1F2g0D6kMWbcOzZnmdOOm4Wa5egSORz7G
68263,Kids Gondola Mitt All,Kids_Gondola_Mitt_All.png,1CCIA-eC89cZw4HrkBZdtzzYkN0t7r96G
68263,Kids Gondola Mitt Floral Groove,Kids_Gondola_Mitt_Floral_Groove.png,1UxR86ssSoHNmkKB9utXyLC6FXLyqG5em
68386,Kids Snow Cat Glove All,Kids_Snow_Cat_Glove_All.png,1f8RXuPozpWCBYzUripvFSttczkG3Hh5N
68386,Kids Snow Cat Glove Pink,Kids_Snow_Cat_Glove_Pink.jpg,1LfgU5ufYGzd5l_3UJjpf-ZCqCQSY4Yj5
68387,Kids Snow Cat Mitt All,Kids_Snow_Cat_Mitt_All.png,1NLF40bxdvTVcUyzos4MUvvIXVbSuR5ME
68387,Kids Snow Cat Mitt Watercolor,Kids_Snow_Cat_Mitt_Watercolor.png,1Q48A7nJO5zuq7SzVPW5wBgbFF4DN8x5d
66130,Kids Snowball Glove All,Kids_Snowball_Glove_All.jpg,1dkaXCrJP6dLnhCfTGkK-kWuoEQUg3uHt
66130,Kids Snowball Glove Pink,Kids_Snowball_Glove_Pink.jpg,1hkD_fC9RtBbmevAndgMf7ZhN7tRqpWc0
66131,Kids Snowball Mitt All,Kids_Snowball_Mitt_All.png,1MDy-f8g1wwBMxazd8cQbXaGqrrjeVkIL
66131,Kids Snowball Mitt Mykonos Blue,Kids_Snowball_Mitt_Mykonos.png,1LZA9yvmp7fL-Pue3qfIayYPGr6e8Lh8J
63451,Kids Spark Mitt All,Kids_Spark_Mitt_All.png,1kvM7YKy9pIn0PI7syoKhA7DUWkGSYX15
63451,Kids Spark Mitt Dark Blue,Kids_Spark_Mitt_Dark-Blue.png,11Bb3lcPx6UCndR5EOGnQYDuZCSyTBAL9
25811,Koala Mitt Womens Black,Koala_Womens_Mitt_Black.png,1vvQHX_Td7knSCxaMyhCCtc9OMgSfsjEX
19200,MTN Core Glove Mens Black,MTN_Core_Glove_Black.png,1MMG8PUcJcR5nCvfET1XqDtH_Y_uHsNie
19200,MTN Core Glove Mens Black-Grey,MTN_Core_Glove_Black-Grey.png,1r5Ey_yvP9Yg33tNJwbnF8nzEpKsmJHqy
19200,MTN Core Glove Mens Black-Tan,MTN_Core_Glove_Black-Tan.png,1cvIycKw6Mhf4whmJBda5jYLIy71kXo5g
19200,MTN Core Glove Mens Camo-Tan,MTN_Core_Glove_Camo-Tan.png,19HEV4RDbG63qtwXpdSHfhIoMR0yI-qSC
19201,MTN Core Mitt Mens Black-Grey,MTN_Core_Mitt_Black-Grey.png,1OSUedBAMkB17c9IOGuQlOXfArToYnGk-
19201,MTN Core Mitt Mens Black-Tan,MTN_Core_Mitt_Black-Tan.png,1uFEiN1XNE2JvC_-A1ow3xHaYfs1pTTxE
19201,MTN Core Mitt Mens Camo-Tan,MTN_Core_Mitt_Camo-Tan.png,1302hvMKhe1OhJzuM815-FxN7LEHqaE3
19201,MTN Core Mitt Mens Gunmetal-Grey,MTN_Core_Mitt_Gunmetal-Grey.png,1IumfX1A4WkTp9SGhYq7mdZIBx4KAbTKD
29200,MTN Core Glove Womens Black,MTN_Core_Glove_Black.png,1MMG8PUcJcR5nCvfET1XqDtH_Y_uHsNie
29200,MTN Core Glove Womens Black-Grey,MTN_Core_Glove_Black-Grey.png,1r5Ey_yvP9Yg33tNJwbnF8nzEpKsmJHqy
29200,MTN Core Glove Womens Black-Tan,MTN_Core_Glove_Black-Tan.png,1cvIycKw6Mhf4whmJBda5jYLIy71kXo5g
29200,MTN Core Glove Womens Camo-Tan,MTN_Core_Glove_Camo-Tan.png,19HEV4RDbG63qtwXpdSHfhIoMR0yI-qSC
29201,MTN Core Mitt Womens Black-Grey,MTN_Core_Mitt_Black-Grey.png,1OSUedBAMkB17c9IOGuQlOXfArToYnGk-
29201,MTN Core Mitt Womens Black-Tan,MTN_Core_Mitt_Black-Tan.png,1uFEiN1XNE2JvC_-A1ow3xHaYfs1pTTxE
29201,MTN Core Mitt Womens Camo-Tan,MTN_Core_Mitt_Camo-Tan.png,1302hvMKhe1OhJzuM815-FxN7LEHqaE3
29201,MTN Core Mitt Womens Gunmetal-Grey,MTN_Core_Mitt_Gunmetal-Grey.png,1IumfX1A4WkTp9SGhYq7mdZIBx4KAbTKD
15510,MTN Profile Glove Black,MTN_Profile_Glove_Black.png,1toaM7wDcCHdRISMHyNtHx98AK8qKTkIP
15510,MTN Profile Glove Black-Grey,MTN_Profile_Glove_Black-Grey.png,1BkaimQghosN-xcAky1n7daLSsviTP4Bx
15510,MTN Profile Glove Black-Tan,MTN_Profile_Glove_Black-Tan.png,1KbQ7m-7SAiJWrsey9WD2b_wSi-o-DeJ0
19094,MTN Recon Glove Black-Grey,MTN_Recon_Glove_Black-Grey.png,1JYTudR56-7TC7mIbDJGuB7QYMrIhg5gV
19094,MTN Recon Glove Black-Tan,MTN_Recon_Glove_Black-Tan.png,1TaS05kSSD93MrC6lyZrGsU44U5lLYtxW
19094,MTN Recon Glove Camo-Tan,MTN_Recon_Glove_Camo-Tan.png,1aVLVqfURkdmzyQqfBbViGGT1AKByLyAG
19094,MTN Recon Glove Gunmetal-Lt Grey,MTN_Recon_Glove_Gunmetal-Lt-Grey.png,1mLi8dGhLngWs8dGfSl9i9CKqEKp1W9u2
19095,MTN Recon Mitt Camo-Tan,MTN_Recon_Mitt_Camo-Tan.png,1wnMMYf7lkwfE9RVXVfgPXfr3CiscoIaH
99096,MTN Recon Jr Glove Black-Grey,MTN_Recon_Jr_Glove_Black-Grey.jpg,1qxZiW8-AkkQrTZ1T9C8AxExueu8xMRph
99096,MTN Recon Jr Glove Camo-Tan,MTN_Recon_Jr_Glove_Camo-Tan.jpg,1qihBycCMd5oy1ELj7cpQerimaoJlPpKe
99096,MTN Recon Jr Glove Purple-Lt Grey,MTN_Recon_Jr_Glove_Purple-Lt-Gray.jpg,1n0fwnnksD49L-Zqt4aCydB4aZ7iAeOVx
99097,MTN Recon Jr Mitt Black-Grey,MTN_Recon_Jr_Mitt_Black-Grey.jpg,1N9GauyZLMNSVM9iy0foxsjUiqg99JlRE
99097,MTN Recon Jr Mitt Camo-Tan,MTN_Recon_Jr_Mitt_Camo-Tan.jpg,1LCVSTx-AZJLUU9sipukXakXe5sjUNima
99097,MTN Recon Jr Mitt Purple-Lt Grey,MTN_Recon_Jr_Mitt_Purple-Lt-Grey.jpg,1p3GhfrEshQqAHzPBZyMwULoeFUrFq6W_
11700,Pass Mitt Mens Black,Pass_Mitt_Black.jpg,1wZ_QN85jbJgbwT7Z0pxR8Hpt24eLXtRX
21700,Pass Mitt Womens Black,Pass_Mitt_Black.jpg,1wZ_QN85jbJgbwT7Z0pxR8Hpt24eLXtRX
14708,Pursuit Glove Mens Black,Pursuit_Glove_Black.jpg,1-elNHrY1qQcgBHQtDCU-e3gRXscGnSsi
14708,Pursuit Glove Mens Black-Grey,Pursuit_Glove_Black-Grey.jpg,1ZN8xxFmxfVI_T4Kc-oH8yQNLv0ecNY8-
14708,Pursuit Glove Mens Gunmetal-White,Pursuit_Glove_Gunmetal-White.jpg,1BXnFamWY7K6A3i-sMBxt_Cm0hV6II2m3
24708,Pursuit Glove Womens Black,Pursuit_Glove_Black.jpg,1-elNHrY1qQcgBHQtDCU-e3gRXscGnSsi
24708,Pursuit Glove Womens Black-Grey,Pursuit_Glove_Black-Grey.jpg,1ZN8xxFmxfVI_T4Kc-oH8yQNLv0ecNY8-
24708,Pursuit Glove Womens Gunmetal-White,Pursuit_Glove_Gunmetal-White.jpg,1BXnFamWY7K6A3i-sMBxt_Cm0hV6II2m3
94708,Pursuit Jr Glove Black,Pursuit_Jr_Glove_Black.jpg,1LW3MdiORXBid9dEXyw_xGM_Ggj-QuikH
94708,Pursuit Jr Glove Classic Blue,Pursuit_Jr_Glove_Classic_Blue.jpg,18HF7KcEiv15iWOi8hTMAEwaIFTKV2rY7
94708,Pursuit Jr Glove Lush Pink,Pursuit_Jr_Glove_Lush-Pink.jpg,1jqJLqzeE14O_nkfK9g4ilv9m2JvXfHSA
14709,Pursuit Mitt Mens Black,Pursuit_Mitt_Black.jpg,1ATpwojHziWgip-gNdO2Bu3b_pULFv_dj
14709,Pursuit Mitt Mens Gunmetal-Black,Pursuit_Mitt_Black-Grey.jpg,1AVNPBGZfAt-UTFTv2HDHBt8oROgVJjoA
14709,Pursuit Mitt Mens White-Gunmetal,Pursuit_Mitt_Gunmetal-White.jpg,1wlOz4PuZIK4BcGfa-yMmjt8tj_7kHrDy
24709,Pursuit Mitt Womens Black,Pursuit_Mitt_Black.jpg,1ATpwojHziWgip-gNdO2Bu3b_pULFv_dj
24709,Pursuit Mitt Womens Gunmetal-Black,Pursuit_Mitt_Black-Grey.jpg,1AVNPBGZfAt-UTFTv2HDHBt8oROgVJjoA
24709,Pursuit Mitt Womens White-Gunmetal,Pursuit_Mitt_Gunmetal-White.jpg,1wlOz4PuZIK4BcGfa-yMmjt8tj_7kHrDy
94709,Pursuit Jr Mitt Black,Pursuit_Jr_Mitt_Black.jpg,1gBri1GPa0UBSHpxW1a55Wrh63eX2S-JW
94709,Pursuit Jr Mitt Classic Blue,Pursuit_Jr_Mitt_Classic-Blue.jpg,1SY-ZD6nclV-1Z9nlEGMSO_YjbQaL1zM1
94709,Pursuit Jr Mitt Lush Pink,Pursuit_Jr_Mitt_Lush-Pink.jpg,1yel2yTjxkiDGaPTEKqOOlBmK-h5ejoMa
13194,Roamer Glove Mens Black,Roamer_Glove_Black.jpg,1rPrEC00Z5HNo8eUxpa8VWXIcadnypdId
13194,Roamer Glove Mens Gunmetal-Black,Roamer_Glove_Gunmetal-Black.jpg,1V6c3ph9I4dfimEtyiVI8m9PnUbMQtBXd
13194,Roamer Glove Mens Gunmetal-White,Roamer_Glove_Gunmetal-White.jpg,1lt8UCNLeQQR834FiEgeJCAk0H-7Q1CB8
23194,Roamer Glove Womens Black,Roamer_Glove_Black.jpg,1rPrEC00Z5HNo8eUxpa8VWXIcadnypdId
23194,Roamer Glove Womens Gunmetal-Black,Roamer_Glove_Gunmetal-Black.jpg,1V6c3ph9I4dfimEtyiVI8m9PnUbMQtBXd
23194,Roamer Glove Womens Gunmetal-White,Roamer_Glove_Gunmetal-White.jpg,1lt8UCNLeQQR834FiEgeJCAk0H-7Q1CB8
93194,Roamer Jr Glove Black,Roamer_Jr_Glove_Black.jpg,16BJqxHIaphjPUFGDpWRkwEeAylJiuZ0n
93194,Roamer Jr Glove Black-Lush Pink,Roamer_Jr_Glove_Black-Lush-Pink.jpg,1_jJXxpMssDSZXPbGXRuyIqbU9v0D7xzM
93194,Roamer Jr Glove Classic Blue,Roamer_Jr_Glove_Classic-Blue.jpg,1W_He3lPmadylMYZazwxKSUQbvCzETluY
13195,Roamer Mitt Mens Black,Roamer_Mitt_Black.jpg,1QgfYgOIHRVW_BFA6TEJNQ5I-POS_6yCr
13195,Roamer Mitt Mens Gunmetal-Black,Roamer_Mitt_Gunmetal-Black.jpg,1npfvkzGrvxxcj77g9K45fGOUKDJYbhCz
13195,Roamer Mitt Mens Gunmetal-White,Roamer_Mitt_Gunmetal-White.jpg,1QH2BulRt7oJQZDGaL7er3wAj_OLc7wrK
23195,Roamer Mitt Womens Black,Roamer_Mitt_Black.jpg,1QgfYgOIHRVW_BFA6TEJNQ5I-POS_6yCr
23195,Roamer Mitt Womens Gunmetal-Black,Roamer_Mitt_Gunmetal-Black.jpg,1npfvkzGrvxxcj77g9K45fGOUKDJYbhCz
23195,Roamer Mitt Womens Gunmetal-White,Roamer_Mitt_Gunmetal-White.jpg,1QH2BulRt7oJQZDGaL7er3wAj_OLc7wrK
93194,Roamer Jr Mitt Black,Roamer_Jr_Mitt_Black.jpg,1YCWOSxU1uZH09v-uU5uYQ9YROailsmAD
93194,Roamer Jr Mitt Black-Lush Pink,Roamer_Jr_Mitt_Black-Lush-Pink.jpg,1VG2xpVpOzZnRCkWvpL1lsgDSeg4vyijG
93194,Roamer Jr Mitt Classic Blue,Roamer_Jr_Mitt_Classic-Blue.jpg,11xldQ67xKiZETTloVdYclkCOK2XFBy6N
17852,Sanctum Glove Mens Black,Sanctum_Glove_Black.png,1hXOLT6NTtX0LEINjWzHGHvsuh5yrC3DV
17852,Sanctum Glove Mens Gunmetal,Sanctum_Glove_Gunmetal.png,15tiPHl7aj9hmRbSJ8G0Qg60VrpVvVjE-
17852,Sanctum Glove Mens White,Sanctum_Glove_White.png,1DIpFBrJ9hteBkApKpD_EtA8_UQ5Rb0H7
27852,Sanctum Glove Womens Black,Sanctum_Glove_Black.png,1hXOLT6NTtX0LEINjWzHGHvsuh5yrC3DV
27852,Sanctum Glove Womens Gunmetal,Sanctum_Glove_Gunmetal.png,15tiPHl7aj9hmRbSJ8G0Qg60VrpVvVjE-
27852,Sanctum Glove Womens White,Sanctum_Glove_White.png,1DIpFBrJ9hteBkApKpD_EtA8_UQ5Rb0H7
17853,Sanctum Mitt Mens Black,Sanctum_Mitt_Black.png,1PuLXmKygre4E2jTu3iahO_Kpe9__W6-p
17853,Sanctum Mitt Mens Gunmetal,Sanctum_Mitt_Gunmetal.png,1v8Tvi0HOciLRC4Me0wp9L1CNtaNiSktR
17853,Sanctum Mitt Mens White,Sanctum_Mitt_White.png,14fkYbVr77Fu7jSzN8Jk394m6BbseQ-7W
27853,Sanctum Mitt Womens Black,Sanctum_Mitt_Black.png,1PuLXmKygre4E2jTu3iahO_Kpe9__W6-p
27853,Sanctum Mitt Womens Gunmetal,Sanctum_Mitt_Gunmetal.png,1v8Tvi0HOciLRC4Me0wp9L1CNtaNiSktR
27853,Sanctum Mitt Womens White,Sanctum_Mitt_White.png,14fkYbVr77Fu7jSzN8Jk394m6BbseQ-7W
15450,Sequence Mens Glove Black,Sequence_MW_Glove_Black.png,1ZDnAgSBl-kFKZvhTUof0VdU8XtxDylqX
25450,Sequence Womens Glove Black,Sequence_MW_Glove_Black.png,1ZDnAgSBl-kFKZvhTUof0VdU8XtxDylqX
93124,Snug Jr Glove All,Snug_Jr_Colors_All.jpg,1JT184aWCuTZuT8rnlHGXmS3Bkfl2o3Aw
93124,Snug Jr Glove Purple Heat,Snug_Jr_Glove_Purple-Heat.png,15l2U_NV9P-ppkWn2cO_jg1r3VtREw7k4
23124,Snug Womens Glove Black,Snug_Womens_Glove_Black.jpg,1o9Qh08WLvFMjX9O4FOXFPTS6ISdPWyr9
23124,Snug Womens Glove White,Snug_Womens_Glove_White.jpg,1lY7et7H7XKwx5vdmkVlhEW6rVy11AjOo
23125,Snug Womens Mitt Black,Snug_Womens_Mitt_Black.jpg,1dJKL7O9lOpk8ef5kZUc_Q7MZ3tq6aq2j
23125,Snug Womens Mitt White,Snug_Womens_Mitt_White.jpg,1xSbVAYhujL2waf7FFXiHyaCHTm03pmEc
11604,Storm Cuff 3-Finger Glove Mens Black,Storm_Cuff_3-Finger_Glove_Black.png,1uUXOhbvJHyi7W98o4gsdMzY7oQgtXTO4
11604,Storm Cuff 3-Finger Glove Mens Grey,Storm_Cuff_3-Finger_Glove_Grey.png,1Ard2AuEvdjioqS7bpxIPHBcgaB8dm_0D
11604,Storm Cuff 3-Finger Glove Mens Gunmetal,Storm_Cuff_3-Finger_Glove_Gunmetal.png,17CeIDe4qyQlABK8Lg6hN0y1UCUpC5ul_
21604,Storm Cuff 3-Finger Glove Womens Black,Storm_Cuff_3-Finger_Glove_Black.png,1uUXOhbvJHyi7W98o4gsdMzY7oQgtXTO4
21604,Storm Cuff 3-Finger Glove Womens Grey,Storm_Cuff_3-Finger_Glove_Grey.png,1Ard2AuEvdjioqS7bpxIPHBcgaB8dm_0D
21604,Storm Cuff 3-Finger Glove Womens Gunmetal,Storm_Cuff_3-Finger_Glove_Gunmetal.png,17CeIDe4qyQlABK8Lg6hN0y1UCUpC5ul_
91604,Storm Cuff 3 Finger Jr Glove Black,Storm_Cuff_3_Finger_Jr_Glove_Black.png,1dbiH0LLu7L4x3MNEzVJvAKsPelxma4QL
91604,Storm Cuff 3 Finger Jr Glove Gunmetal,Storm_Cuff_3_Finger_Jr_Glove_Gunmetal.png,1DXClZKocurVifDQm-1VMYywNIhRamVfL
11602,Storm Cuff Glove Mens Black,Storm_Cuff_Glove_Black.png,12o2xprXomsVY8y6l8fwfX50CCBywuDNe
11602,Storm Cuff Glove Mens Camo-Black,Storm_Cuff_Glove_Camo-Black.png,1WkFMyLp1O8K86jgYZxCqZPNJej3njh79
11602,Storm Cuff Glove Mens Mtn Green-Black,Storm_Cuff_Glove_Mtn-Green-Black.jpg,1Gok0rO75D5eTgz_SXrIn52F7aQlaY9aP
11602,Storm Cuff Glove Mens Rose,Storm_Cuff_Glove_Rose.jpg,1RtHTlZVPu2yrdtekjd-tAlppZutHXAQU
11602,Storm Cuff Glove Mens Stone-Black,Storm_Cuff_Glove_Stone-Black.png,1525fTOfHIB_oUQa0G-jd6EeCdiRHthkR
11602,Storm Cuff Glove Mens White,Storm_Cuff_Glove_White.png,1df2dLeekbc5m4l-0kQpSjmvCS6QWDykI
21602,Storm Cuff Glove Womens Black,Storm_Cuff_Glove_Black.png,12o2xprXomsVY8y6l8fwfX50CCBywuDNe
21602,Storm Cuff Glove Womens Camo-Black,Storm_Cuff_Glove_Camo-Black.png,1WkFMyLp1O8K86jgYZxCqZPNJej3njh79
21602,Storm Cuff Glove Womens Mtn Green-Black,Storm_Cuff_Glove_Mtn-Green-Black.jpg,1Gok0rO75D5eTgz_SXrIn52F7aQlaY9aP
21602,Storm Cuff Glove Womens Rose,Storm_Cuff_Glove_Rose.jpg,1RtHTlZVPu2yrdtekjd-tAlppZutHXAQU
21602,Storm Cuff Glove Womens Stone-Black,Storm_Cuff_Glove_Stone-Black.png,1525fTOfHIB_oUQa0G-jd6EeCdiRHthkR
21602,Storm Cuff Glove Womens White,Storm_Cuff_Glove_White.png,1df2dLeekbc5m4l-0kQpSjmvCS6QWDykI
91602,Storm Cuff Jr Glove Black,Storm_Cuff_Jr_Glove_Black.png,1kal2aeC-Im13OmzXIbOEF4AD0vdP3f6Y
91602,Storm Cuff Jr Glove Camo-Black,Storm_Cuff_Jr_Glove_Camo-Black.png,1_KV4h0PKA9OIN2W2UyxjrQEmw8M1CEwZ
91602,Storm Cuff Jr Glove Dark Blue,Storm_Cuff_Jr_Glove_Dark-Blue.png,1-lyC_w5zVAGL8aqFcWUtHUgW6cVHTn8t
91602,Storm Cuff Jr Glove Deep Pink,Storm_Cuff_Jr_Glove_Deep-Pink.png,1ik-1u-zolNuSwCUBhPlLSUcGqCH8KDH_
91602,Storm Cuff Jr Glove Gunmetal,Storm_Cuff_Jr_Glove_Gunmetal.png,1tV_IFbz_0_yN9jhDCEczZuPPnHZwNOKU
91603,Storm Cuff Jr Mitt Black,Storm_Cuff_Jr_Mitt_Black.png,1y3yxpsJWYpbe_4X9eEpwT43FkO4Sl6id
91603,Storm Cuff Jr Mitt Camo-Black,Storm_Cuff_Jr_Mitt_Camo-Black.png,1xDrqon4ORjzgkr-GpD_I6xjI-KU3s_98
91603,Storm Cuff Jr Mitt Dark Blue,Storm_Cuff_Jr_Mitt_Dark-Blue.png,1XBpgOqNWRzDg_eTrhGdS731UvtbrpwZu
91603,Storm Cuff Jr Mitt Deep Pink,Storm_Cuff_Jr_Mitt_Deep-Pink.png,1u4OVofcYAI28UB5kOLzS9Xb1PdtjdVe8
91603,Storm Cuff Jr Mitt Stone-Black,Storm_Cuff_Jr_Mitt_Stone-Black.png,1Zd7kVvLa1MLacYh1G0oML5lZ2dySEetC
11603,Storm Cuff Mitt Mens Black,Storm_Cuff_Mitt_Black.png,1AS4GrSgDCgSl9AHmg9KCOjZR6rMWtmsl
11603,Storm Cuff Mitt Mens Camo-Black,Storm_Cuff_Mitt_Camo-Black.png,1Eqo1GjUbDxoQDNYM-KsnJcmpcGRwyDLt
11603,Storm Cuff Mitt Mens Mtn Green-Black,Storm_Cuff_Mitt_Mtn-Green-Black.jpg,1EGqvBLdPquijRk1zkkPdN8p9XhDKDEt6
11603,Storm Cuff Mitt Mens Rose,Storm_Cuff_Mitt_Rose.jpg,1QNZL6AKaN7m-bQJubAL0YigVdipoUUST
11603,Storm Cuff Mitt Mens Stone-Black,Storm_Cuff_Mitt_Stone-Black.jpg,1WGvqUm00j9VSi5szAA0oNhuFHX_Ey6xr
11603,Storm Cuff Mitt Mens Grey-Black,Storm_Cuff_Mitt_Grey-Black.png,1pHSuHuBWCCilogiCyvKaY9tr4mhHt8kR
11603,Storm Cuff Mitt Mens White,Storm_Cuff_Mitt_White.png,1XocRBuQdvYrjmSR0EyMH4Img6IsRfmKP
21603,Storm Cuff Mitt Womens Black,Storm_Cuff_Mitt_Black.png,1AS4GrSgDCgSl9AHmg9KCOjZR6rMWtmsl
21603,Storm Cuff Mitt Womens Camo-Black,Storm_Cuff_Mitt_Camo-Black.png,1Eqo1GjUbDxoQDNYM-KsnJcmpcGRwyDLt
21603,Storm Cuff Mitt Womens Mtn Green-Black,Storm_Cuff_Mitt_Mtn-Green-Black.jpg,1EGqvBLdPquijRk1zkkPdN8p9XhDKDEt6
21603,Storm Cuff Mitt Womens Rose,Storm_Cuff_Mitt_Rose.jpg,1QNZL6AKaN7m-bQJubAL0YigVdipoUUST
21603,Storm Cuff Mitt Womens Stone-Black,Storm_Cuff_Mitt_Stone-Black.jpg,1WGvqUm00j9VSi5szAA0oNhuFHX_Ey6xr
21603,Storm Cuff Mitt Womens Grey-Black,Storm_Cuff_Mitt_Grey-Black.png,1pHSuHuBWCCilogiCyvKaY9tr4mhHt8kR
21603,Storm Cuff Mitt Womens White,Storm_Cuff_Mitt_White.png,1XocRBuQdvYrjmSR0EyMH4Img6IsRfmKP
19076,Summit Glove Black,Summit_Glove_Black.jpg,1YiCpkmtzz9hIOc2AAXvn4t8fSG9PLG6r
19076,Summit Glove Black-Buff,Summit_Glove_Black-Tan.jpg,1-xtkLwJh4J9tcF_i90Qyhk4_J_DJHOw2
19077,Summit Mitt Mens Black,Summit_Mitt_Black.jpg,1xfE-TP4y6p1RM6LJ1nM9bwMjdKj_b-8-
19077,Summit Mitt Mens Black-Tan,Summit_Mitt_Black-Tan.jpg,143z5H3PrBcYwc1JSChvzQ_LIY5S8Luxc
19077,Summit Mitt Mens Gunmetal-Port,Summit_Mitt_Gunmetal-Port.jpg,16KuW8CCBE8ItRMsia52qYafIhOohJTaU
29077,Summit Mitt Womens Black,Summit_Mitt_Black.jpg,1xfE-TP4y6p1RM6LJ1nM9bwMjdKj_b-8-
29077,Summit Mitt Womens Black-Tan,Summit_Mitt_Black-Tan.jpg,143z5H3PrBcYwc1JSChvzQ_LIY5S8Luxc
29077,Summit Mitt Womens Gunmetal-Port,Summit_Mitt_Gunmetal-Port.jpg,16KuW8CCBE8ItRMsia52qYafIhOohJTaU
19052,Traction Glove Black-Tan,Traction_Glove_Black-Tan.jpg,1QFtTsqcTfA3XMZnODmL-WD9x687gOly8
19052,Traction Glove Camo-Tan,Traction_Glove_Camo-Tan.jpg,1AThYPGFUIYgmhl1murjHhyrfaZesnfiP
19053,Traction Mitt Black-Tan,Traction_Mitt_Black-Tan.jpg,1bp4cfA5O_lDBRcab6JanR2llCYYcKPiH
19053,Traction Mitt Camo-Tan,Traction_Mitt_Camo-Tan.jpg,1R5FHckFuR6dRO4KLAngEhcy5GTYP2ncX
19096,Venture Glove Mens Black-Green,Venture_Glove_Black-Green.jpg,1GZD7VmSTkXeAJ0-un1pHbafcikPhTvx-
19096,Venture Glove Mens Black-Grey,Venture_Glove_Black-Grey.jpg,1oL9mmpGz220z2P9l7wPGTlqFEZqA2Ls8
19096,Venture Glove Mens Stone,Venture_Glove_Stone.jpg,1n56t_ta8xRUpVVTL_cJOI9QAj5RNprwL
29096,Venture Glove Womens Black-Green,Venture_Glove_Black-Green.jpg,1GZD7VmSTkXeAJ0-un1pHbafcikPhTvx-
29096,Venture Glove Womens Black-Grey,Venture_Glove_Black-Grey.jpg,1oL9mmpGz220z2P9l7wPGTlqFEZqA2Ls8
29096,Venture Glove Womens Stone,Venture_Glove_Stone.jpg,1n56t_ta8xRUpVVTL_cJOI9QAj5RNprwL
19097,Venture Mitt Mens Black-Green,Venture_Mitt_Black-Green.jpg,1WaAweaEmQiUhGkM88hzInoSzzHgHarZ_
19097,Venture Mitt Mens Black-Grey,Venture_Mitt_Black-Grey.jpg,1vJGqkzFcaeA3fLEZv10-GrExHN8YdVyl
19097,Venture Mitt Mens Stone,Venture_Mitt_Stone.jpg,1fVWJwZcUffo58GxUR9lrVDF7yGIgQU9k
29097,Venture Mitt Womens Black-Green,Venture_Mitt_Black-Green.jpg,1WaAweaEmQiUhGkM88hzInoSzzHgHarZ_
29097,Venture Mitt Womens Black-Grey,Venture_Mitt_Black-Grey.jpg,1vJGqkzFcaeA3fLEZv10-GrExHN8YdVyl
29097,Venture Mitt Womens Stone,Venture_Mitt_Stone.jpg,1fVWJwZcUffo58GxUR9lrVDF7yGIgQU9k
